question,company,category,level,location,answer
What was Microsoft's total revenue for fiscal year 2024?,Microsoft,Financial,Easy,"Income Statements, Page 56",$245.122 billion.
"How much long-term debt did Microsoft report on its balance sheet as of June 30, 2024?",Microsoft,Financial,Easy,"Balance Sheets, Page 57",$42.688 billion.
What was Amazon's net income for fiscal year 2024?,Amazon,Financial,Easy,"Consolidated Statements of Operations, Page 37",$59.248 billion (approximately $59.2 billion).
What was Amazon's total net sales for fiscal year 2024?,Amazon,Financial,Easy,"Consolidated Statements of Operations, Page 37",$637.959 billion
How much cash and cash equivalents did Alphabet report at year-end 2024?,Alphabet,Financial,Easy,"Consolidated Balance Sheets, Page 53",$23.466 billion
What was Microsoft's diluted earnings per share (EPS) for fiscal year 2024?,Microsoft,Financial,Advanced,"Income Statements, Page 80",$11.80
Analyze Microsoft's cash flow from operations change from fiscal year 2023 ($87.6 billion) to fiscal year 2024 ($118.5 billion). What were the primary drivers?,Microsoft,Financial,Advanced,"Cash Flow Statements, Page 58; MD&A -- Liquidity and Capital Resources, Page 47--50","The increase of approximately $31 billion (a 35% rise) was primarily driven by an increase in cash received from customers, reflecting the 16% revenue growth across all three segments. Key contributors included the continued shift to subscription and cloud-based services (Office 365, Azure, Dynamics 365), which generate predictable recurring cash flows. The acquisition of Activision Blizzard in October 2023 added Gaming revenue, contributing to higher cash collections in fiscal year 2024. Non-cash adjustments for depreciation and amortization also increased significantly as Microsoft expanded its data center infrastructure to support cloud and AI workloads. Working capital improvements, including higher unearned revenue ($60.2 billion as of June 30, 2024, up from $53.8 billion), reflected advance payments for cloud contracts."
"Compare the operating margins of Microsoft's three segments (Productivity and Business Processes, Intelligent Cloud, and More Personal Computing) for fiscal year 2024. Which is the most profitable on a margin basis?",Microsoft,Financial,Advanced,"Segment Results of Operations, Page 44; Note 19, Page 92","Productivity and Business Processes: Revenue: $77.7B | Operating Income: $40.5B | Operating Margin: ~52.1%. Intelligent Cloud: Revenue: $105.4B | Operating Income: $49.6B | Operating Margin: ~47.0%. More Personal Computing: Revenue: $62.0B | Operating Income: $19.3B | Operating Margin: ~31.1%. Productivity and Business Processes had the highest operating margin at approximately 52%, reflecting the high-margin nature of SaaS subscriptions (Office 365, Dynamics 365) and LinkedIn. Intelligent Cloud's margin was somewhat lower (47%) because Azure's rapid growth requires massive capital investment in data centers and AI infrastructure, and a sales mix shift toward Azure (which has lower margins than on-premises server products). More Personal Computing had the lowest margin (31%), dragged down by lower-margin hardware businesses (Devices, Xbox consoles) even though Xbox content and services grew 50%."
What is the significance of Alphabet's $23.466 billion in cash and cash equivalents versus its total cash position including marketable securities? Why is the distinction important?,Alphabet,Financial,Advanced,"Alphabet Consolidated Balance Sheets, Page 53; Liquidity discussion, Page 42--43","While cash and cash equivalents were $23.466 billion, Alphabet's total liquidity position (including short-term and long-term marketable securities) was substantially larger. The total cash, cash equivalents, and short-term marketable securities figure provides a more accurate picture of the company's available liquidity. The distinction matters because cash equivalents are highly liquid instruments with maturities of three months or less, while marketable securities may include bonds and other investments that require selling before they can be used. For investors assessing financial health, the total liquidity figure is more relevant for understanding Alphabet's capacity to fund capital expenditures (which increased sharply for AI infrastructure), share buybacks, and potential acquisitions. The relatively modest cash-and-equivalents figure compared to total liquidity suggests Alphabet manages its treasury actively, investing excess cash into higher-yielding securities rather than holding idle cash."
"Examine how Microsoft's total assets grew from $411.976 billion (June 30, 2023) to $512.163 billion (June 30, 2024). What were the largest asset-category drivers of this increase?",Microsoft,Financial,Advanced,"Balance Sheets, Page 57; Note 8 -- Business Combinations","Total assets increased by approximately $100.2 billion year-over-year, a 24% increase. Goodwill: Increased from $67.9B to $119.2B (+$51.3B), driven almost entirely by the $68.7 billion acquisition of Activision Blizzard. Property and Equipment (net): Grew from $95.6B to $135.6B (+$40.0B), reflecting massive capital expenditure on data centers for Azure and AI infrastructure. Intangible Assets (net): Increased from $9.4B to $27.6B (+$18.2B), also primarily attributable to Activision Blizzard's gaming IP, marketing-related, and technology-based intangibles. These increases were partially offset by a decrease in total cash, cash equivalents, and short-term investments from $111.3B to $75.5B (-$35.8B), as Microsoft deployed liquidity toward the Activision acquisition and capital spending."
"How has Amazon's cash provided by operating activities changed from 2023 ($84,946 million) to 2024 ($115,877 million), and what was the primary driver for this change?",Amazon,Financial,Advanced,"Consolidated Statements of Cash Flows, Page 36-37; MD&A - Liquidity and Capital Resources, Page 22","Calculate the change ($30,931 million increase). Increase in Net Income: Amazon's net income nearly doubled, growing from $59,248 million in 2024. Non-Cash Expenses: The cash flow figure was bolstered by significant adjustments for non-cash items, most notably depreciation and amortization of property, equipment, and content ($22,011 million). Working Capital Changes: The increase also resulted from favorable shifts in working capital. Specifically, cash received from customers grew in line with net sales, and there was a smaller negative impact from accounts receivable in 2024 ($8,348 million use of cash). These gains were partially offset by an increase in cash payments for cost of revenues and operating expenses."
"Analyze Amazon's year-over-year percentage growth in net sales for 2024, comparing its North America, International, and AWS segments.",Amazon,Financial,Advanced,"MD&A - Net Sales, Page 24","For the fiscal year 2024, Amazon's consolidated net sales grew by 11% (rising from $574.8 billion in 2023 to $638.0 billion in 2024). Segment Growth Comparison Amazon Web Services (AWS): This was the highest-growth segment, with net sales increasing 19% year-over-year to $107.6 billion. AWS's growth accelerated significantly compared to the 13% growth it experienced in 2023. North America: Net sales grew 10% year-over-year to $387.5 billion. This was a slight deceleration from the 12% growth seen in 2023. International: This segment recorded the lowest reported growth at 9% year-over-year, reaching $142.9 billion. Primary Drivers of Growth Retail Segments (North America and International): Growth in these segments was primarily fueled by increased unit sales, particularly from third-party sellers, advertising sales, and subscription services. These gains were attributed to a focus on competitive pricing, expanded selection, and enhanced convenience through fast shipping offers. AWS: The 19% surge was driven largely by increased customer usage. This growth was partially tempered by pricing changes resulting from long-term customer contracts. Impact of Foreign Exchange Fluctuations in foreign exchange rates had a notable negative impact on reported growthacross the company, reducing total consolidated net sales by $2.3 billion."
"What is the composition of Alphabet's ""Other Bets"" revenue for 2024 ($1,648 million)?",Alphabet,Financial,Advanced,"Business - Other Bets, Page 9; Note 2 - Revenues, Page 65","For the fiscal year 2024, Alphabet's ""Other Bets"" segment generated a total of $1,648 million in revenue. The composition of this revenue is primarily derived from two areas: Healthcare-related services: This includes various health technology and life sciences initiatives... Internet services: This encompasses the sale of internet-based services outside of Google's core offerings.... While ""Other Bets"" is a collection of multiple early-stage businesses, the sources highlight Waymo, the company's autonomous driving technology business, as a specific revenue contributor. Alphabet notes that the ""Other Bets"" portfolio includes businesses at various stages of development, from the research and development phase to the beginning stages of commercialization. Because many of these businesses are not yet individually material, they are reported collectively."
"Analyze the trend in Alphabet's ""Traffic Acquisition Costs"" as a percentage of advertising revenues (TAC rate) from 2023 to 2024. What contributed to this change?",Alphabet,Financial,Advanced,"MD&A - Cost of Revenues, Page 39","Between 2023 and 2024, Alphabet's Traffic Acquisition Costs (TAC) as a percentage of advertising revenues (the TAC rate) decreased from 21.4% to 20.7%. The primary contributor to this decline was a revenue mix shift within the company's advertising business. Specifically, a larger portion of revenue came from Google Search & other properties rather than Google Network properties. Key insights into this trend include: Higher Costs on Google Network: TAC as a percentage of revenue is significantly higher for ads placed on Google Network properties compared to Google owned-and-operated Search properties. This is because the majority of advertiser revenue from Network properties is paid out as TAC to partners. Consequently, as the business mix shifted toward Search, the consolidated TAC rate dropped. Rising Costs in Mobile Search: Although the overall rate declined, the TAC rate within Google Search & other actually increased. This was driven by the continued growth of mobile searches, which carry higher acquisition costs because more queries are channeled through paid access points (such as distribution agreements with device manufacturers and browsers). Stable Network Rates: The TAC rate for Google Network properties remained substantially consistent year-over-year."
What are the main products and services included in Microsoft's Intelligent Cloud segment?,Microsoft,Business,Easy,"Business -- Intelligent Cloud, Page 10--12","Azure (including AI services), SQL Server, Windows Server, Visual Studio, System Center, GitHub, Nuance, and Enterprise and Partner Services."
What is Amazon's primary fulfillment strategy for fast delivery?,Amazon,Business,Easy,"Business Overview, Page 3--5",Amazon uses a vast fulfillment network of warehouses and sortation centers combined with last-mile delivery infrastructure (including its own fleet and delivery service partners) to offer same-day and next-day delivery through Prime.
What is the role of YouTube within Alphabet's business model?,Alphabet,Business,Easy,"Alphabet Business -- Google Services, Page 8","YouTube is a key advertising platform generating revenue through video ads, and it also generates subscription revenue through YouTube Premium, YouTube TV, and YouTube Music. It is part of the Google Services segment."
What are the main sources of Microsoft's revenue?,Microsoft,Business,Easy,"Operating Segments, Page 8-13","Productivity and Business Processes, Intelligent Cloud, and More Personal Computing."
How does Alphabet generate most of its revenue?,Alphabet,Business,Easy,"Business - Google Services, Page 8","Primarily from advertising, specifically Google Search & other properties."
Does Amazon Web Services (AWS) operate in China and India?,Amazon,Business,Advanced,"Risk Factors - International Operations, Page 7","Yes, but they face regulatory restrictions. In China, they use contractual relationships with third parties. In India, they hold an indirect minority interest in a seller and provide services to them."
Compare the capital expenditure strategies of all three companies as described in their 2024 10-Ks. What does this reveal about their strategic priorities?,Multiple/General,Business,Advanced,"Amazon MD&A, Page 22; Alphabet MD&A, Page 42--43; Microsoft MD&A, Page 47--50","All three companies significantly increased capital expenditures in 2024, with each citing AI infrastructure and cloud computing as the primary drivers. Amazon: Capital expenditures (including finance leases and build-to-suit facilities) increased substantially, with a primary focus on AWS data center capacity and delivery infrastructure. Amazon noted investments in custom AI chips and server infrastructure. Alphabet: Capital expenditures surged to support Google Cloud, AI training clusters (TPUs), and the expansion of data centers. Alphabet explicitly warned that CapEx would continue to increase to meet AI-related demand. Microsoft: Property and equipment additions increased by $16.4 billion year-over-year, focused on data centers for Azure and AI workloads. Microsoft stated it expects capital expenditures to increase in coming years. It also had $108.4 billion in not-yet-commenced finance leases, primarily for data centers. Strategic Insight: The CapEx race reveals that AI infrastructure is the defining competitive battleground. Each company is betting that controlling the compute layer (through custom chips and massive data center buildouts) will determine future market leadership in cloud and AI services."
Explain how Amazon's advertising business has evolved and its significance to Amazon's overall profitability.,Amazon,Business,Advanced,"Amazon MD&A -- Net Sales, Page 24; Segment Operating Income, Page 27","Amazon's advertising services revenue has become a major and rapidly growing revenue stream, embedded across its retail platform (sponsored products, display ads) and other properties (Twitch, Freevee/Prime Video ads). Advertising is a particularly high-margin business for Amazon because it leverages the existing retail platform and customer data at low incremental cost. The growth in advertising revenue was cited as a primary driver of improved operating margins in both the North America and International segments. It contributed to the North America segment achieving a $24.97 billion operating income and the International segment flipping from a $2.66 billion loss to a $3.79 billion profit. Amazon's advertising business competes directly with Google and Meta, and its key competitive advantage is the ability to link ad impressions directly to purchase behavior on its own marketplace, providing uniquely measurable return on ad spend."
How does Microsoft's Activision Blizzard acquisition (completed October 2023) reflect its broader business strategy?,Microsoft,Business,Advanced,"Microsoft Business -- More Personal Computing, Page 13--14; Note 8, Page 72--74","The $68.7 billion acquisition was the largest in Microsoft's history and the largest in gaming industry history, giving Microsoft ownership of franchises like Call of Duty, World of Warcraft, Candy Crush, and Diablo. It aligns with Microsoft's strategy to accelerate growth in its subscription-based gaming ecosystem (Xbox Game Pass). Xbox content and services revenue surged 50% in fiscal year 2024, significantly outperforming hardware. The acquisition strengthened Microsoft's position in mobile gaming (King/Candy Crush), a market where Microsoft previously had minimal presence. Strategically, it reflects the broader shift from selling hardware/packaged products to building a content subscription platform, mirroring what Microsoft has done in productivity software (Office → Microsoft 365) and enterprise computing (on-premises → Azure). The acquisition added $51.3 billion in goodwill and $22 billion in intangible assets to Microsoft's balance sheet, representing a long-term bet on content-as-a-service."
How does Amazon's business model differ between its North America and International segments in terms of operating profitability?,Amazon,Business,Advanced,"Operating Income (Loss) by segment, Page 27","Amazon's business model is fundamentally similar across its North America and International segments---both primarily generate revenue through retail sales (direct and third-party), advertising, and subscription services like Amazon Prime. However, the segments differ significantly in their scale, historical profitability, and the operational costs associated with their respective markets. Operating Profitability Comparison In fiscal year 2024, the North America segment remained the primary driver of Amazon's retail profitability, while the International segment achieved a significant milestone by returning to an operating profit. North America: Reported an operating income of $24.97 billion in 2024, a substantial increase from $14.88 billion in 2023. This represents an operating margin of approximately 6.4%. International: Reported an operating income of $3.79 billion in 2024, a sharp reversal from an operating loss of $2.66 billion in 2023. Its 2024 operating margin was approximately 2.7%. Drivers of Profitability The primary drivers for increased profitability in both segments were increased unit sales(driven by selection and shipping convenience) and growth in advertising sales. These gains were partially offset by rising fulfillment and shipping costs in both regions. For the International segment specifically, the transition from loss to profit reflects a move toward more sustained operations, although the company notes that international activities may not be profitable on a consistent basis in the future. Structural and Operational Differences While the core services are the same, the International segment faces unique challenges that impact its profitability compared to North America: Investment and Expansion Costs: Amazon notes that establishing and maintaining international stores is costly, often requiring significant investment in fulfillment and technology infrastructure before achieving a return. Market Maturity: In many international segments, Amazon has less operating experienceand may face established local competitors with better brand recognition. Consumer Dynamics: International markets often have lower levels of consumer spending and internet usage compared to the U.S.. Cash Flow Cycles: The International segment typically deals with shorter payable and longer receivable cycles, which can negatively impact cash flow compared to the North American model. Reinvestment Strategy: Amazon intends to invest foreign subsidiary earnings indefinitely outside of the U.S. to support international growth, particularly in those jurisdictions where repatriation would incur significant costs."
Explain Microsoft's transition to subscription-based models and provide evidence.,Microsoft,Business,Advanced,"Business - Productivity and Business Processes, Page 8 -- 11, 39, 44, 93","The transition is designed to provide customers with continuous innovation, such as AI integration, while allowing Microsoft to recognize revenue more predictably over the life of the customer relationship. Core Components of the Transition Productivity and Business Processes: The company is moving customers from ""on-premises"" licensed software to cloud-based services like Office 365, Microsoft 365, and Dynamics 365. While on-premises licenses provide a right to use software as it exists at a point in time, subscription services provide ongoing access and updates recognized ratably over the contract term. Intelligent Cloud: This segment is built on Azure, which operates primarily on a consumption-based or per-user subscription model. Instead of buying hardware and software upfront, customers pay based on their actual utilization of computing power and storage. More Personal Computing: In its gaming division, Microsoft has prioritised Xbox Game Pass, a subscription service that provides access to a library of over 400 titles. Evidence of the Transition: Financial and operational data from fiscal year 2024 (ended June 30, 2024) provide concrete evidence of this shift: Cloud Revenue Dominance: Microsoft Cloud revenue grew 23% year-over-year to $137.4 billion, accounting for more than half of the company's total revenue. Office 365 vs. On-Premises: Office 365 Commercial revenue increased 16%, while revenue from traditional Office Commercial products (on-premises) declined by 16%. This inverse correlation specifically highlights the direct customer shift from one model to the other. Subscriber Growth: The number of Microsoft 365 Consumer and Copilot Pro subscribers reached 82.5 million, a 10% increase from the prior year. Gaming Revenue Mix: Xbox content and services revenue (which includes Game Pass and other subscriptions) surged 50% in fiscal year 2024, significantly outperforming Xbox hardware revenue, which declined 13%. Dynamics 365 Momentum: Revenue for Dynamics 365 grew 24%, driven by the continued customer shift toward cloud-based intelligent business applications. Deferred Revenue Levels: Microsoft reported $60.2 billion in unearned revenue as of June 30, 2024, which primarily represents payments for subscriptions and cloud services that will be recognized in future periods."
Compare the three companies' approaches to artificial intelligence as described in their 2024 10-Ks.,Multiple/General,Business,Advanced,"Alphabet (Page 5-6), Amazon (MD&A, Page 20), Microsoft (Business, Page 3-7)","i. Alphabet: Focuses on integrating AI (Gemini) across all products (Search, Cloud, Workspace) and sees it as a profound platform shift. ii. Amazon: Focuses on AI as a key driver for AWS growth (infrastructure, platforms, models) and for enhancing its advertising and retail businesses. iii. Microsoft: Deeply integrates AI (Copilot) across its entire stack, from Azure infrastructure to GitHub to Office. Views AI as a new age that will transform productivity."
Does Amazon mention climate and sustainability as a risk factor in its 10-K?,Amazon,Risk,Easy,"Amazon Risk Factors, Page 11--16","Yes. Amazon discusses risks related to climate change, including potential impacts on its physical infrastructure (fulfillment centers, data centers) from extreme weather events, as well as evolving environmental regulations and disclosure requirements that could increase costs or expose the company to litigation."
Does Microsoft identify the risk of key personnel departures in its 10-K?,Microsoft,Risk,Easy,"Microsoft Risk Factors, Page 31--32","Yes. Microsoft states that the competition for talented employees is intense, particularly for engineers with expertise in AI, cloud, and cybersecurity. The loss of key personnel or inability to recruit top talent could have a material adverse effect on the business."
Does Microsoft mention cybersecurity threats?,Microsoft,Risk,Easy,"Risk Factors - Cybersecurity, Data Privacy, and Platform Abuse Risks, Page 23-25","Yes, it is a major focus. They discuss sophisticated attacks, including a nation-state attack on their own systems in late 2023."
Is international expansion listed as a risk for Alphabet?,Alphabet,Risk,Advanced,"Risk Factors - Our international operations expose us to additional risks, Page 15-16","Yes, they detail risks like foreign exchange controls, geopolitical tensions, and adapting to local laws."
"Compare how Amazon, Alphabet, and Microsoft each describe the risk of AI development in their 10-K filings. What are the key differences?",Multiple,Risk,Advanced,"Amazon Risk Factors, Page 11--16; Alphabet Risk Factors, Page 12--14; Microsoft Risk Factors, Page 20--23","All three companies identify AI as both a major opportunity and a significant source of risk, but their framing differs: Amazon: Focuses on the risk that AI/ML investments may not yield anticipated returns and that rapid technological change could render current offerings obsolete. Also emphasizes the risk of shortened useful lives for AI-related server hardware (changed from 6 to 5 years). Alphabet: Provides the most detailed AI risk discussion, emphasizing reputational risks from AI-generated content (bias, misinformation), regulatory scrutiny, competition from open-source AI models, and the ""massive capital expenditures"" needed without guaranteed returns. Uniquely mentions the tension between AI investment and sustainability goals. Microsoft: Frames AI risk in terms of execution and competition, noting that significant costs to build AI infrastructure could reduce operating margins if adoption lags. Also highlights responsible AI governance challenges and the risk that competitors offering free or open-source AI could undercut its monetization strategy. Key Difference: Alphabet is most candid about the existential nature of the AI bet; Amazon focuses on infrastructure economics; Microsoft emphasizes the integration/execution challenge across its product ecosystem."
"What is the $28.9 billion IRS dispute facing Microsoft, and why does it represent a unique risk compared to the legal challenges of Amazon and Alphabet?",Multiple,Risk,Advanced,"Microsoft Note 12 -- Income Taxes, Page 87--90; Risk Factors, Page 28--29","The dispute centers on transfer pricing for the years 2004--2013, where the IRS alleges Microsoft underreported U.S. income by shifting profits to foreign subsidiaries (primarily in Ireland and other low-tax jurisdictions). The total proposed additional tax (including penalties and interest) is approximately $28.9 billion, making it one of the largest corporate tax disputes in history. Microsoft has stated it believes its allowances are adequate and that it expects to reduce the final assessment through the administrative and judicial process. Unique compared to peers: Unlike Alphabet's antitrust cases or Amazon's FTC lawsuit, which threaten the business model itself, Microsoft's IRS dispute is purely financial. It does not require Microsoft to change how it operates, but a large adverse ruling could have a material impact on cash reserves and earnings. The dispute also differs in its temporal scope: it relates to historical practices (2004--2013), whereas Alphabet's and Amazon's legal challenges are about current and future business conduct."
Analyze the differences in how each company addresses antitrust regulatory risks.,Multiple/General,Risk,Advanced,"Alphabet (Note 10, Page 79-81), Amazon (Risk Factors, Page 14-15), Microsoft (Risk Factors, Page 28)","Alphabet: Has the most material and detailed discussion, listing specific ongoing lawsuits (DOJ Search, DOJ Ad Tech, Epic v. Google) and EC fines (Shopping, Android, AdSense). The potential remedies are described as potentially having a ""material adverse effect."" Amazon: Mentions being subject to investigations and litigation related to competition, including suits by the FTC and state Attorneys General regarding its marketplace practices and pricing policies. They describe the outcomes as ""inherently unpredictable."" Microsoft: Discusses scrutiny under U.S. and foreign competition laws (like the EU Digital Markets Act) related to the design of products like Windows and LinkedIn. They frame it as a potential hindrance to innovation and monetization."
What cybersecurity risks does Microsoft highlight that might differ from Amazon?,Multiple,Risk,Advanced,"Microsoft (Risk Factors, Page 23-25), Amazon (Risk Factors, Page 11)","Microsoft's discussion is significantly more detailed and central to their risk profile. They explicitly detail a recent ""nation-state associated threat actor"" attack on their own systems. They also discuss risks related to their position as a platform provider, where vulnerabilities in their products (like Exchange Server) can have cascading effects on millions of customers. Amazon's discussion is more generic, focusing on data loss and security incidents without disclosing a specific recent material event."
Which of Microsoft's three segments grew the fastest in revenue terms during fiscal year 2024?,Microsoft,Performance,Easy,"Segment Results of Operations, Page 44","Intelligent Cloud, with 20% year-over-year revenue growth (from $87.9 billion to $105.4 billion), driven primarily by Azure."
Did Amazon's International segment achieve profitability in fiscal year 2024?,Amazon,Performance,Easy,"Amazon Segment Operating Income, Page 27","Yes. The International segment reported an operating income of $3.79 billion in 2024, a sharp turnaround from an operating loss of $2.66 billion in 2023."
Which of Amazon's business segments grew the fastest in 2024?,Amazon,Performance,Easy,"MD&A - Net Sales, Page 24","AWS, with 19% year-over-year growth."
How did Google Services perform compared to Google Cloud in terms of revenue growth?,Alphabet,Performance,Advanced,"Executive Overview, Page 36",Google Cloud revenue grew faster (31%) than Google Services revenue (12%).
Compare the year-over-year operating income growth rates for all three companies. Which company demonstrated the strongest improvement in profitability and why?,Multiple/General,Performance,Advanced,"Amazon MD&A, Page 24--27; Alphabet Executive Overview, Page 36--39; Microsoft MD&A, Page 43--44","Amazon: Total operating income grew from $36.9 billion (2023) to approximately $68.6 billion (2024), an increase of roughly 86%. This massive improvement was driven by the International segment's turnaround ($-2.66B to +$3.79B), strong AWS margin expansion, and advertising revenue growth. Alphabet: Operating income grew from approximately $84.3 billion (2023) to approximately $112.4 billion (2024), representing roughly 33% growth. The improvement was driven by the TAC rate decline, strong revenue growth in Search and YouTube, and expanding Google Cloud profitability. Microsoft: Operating income grew from $88.5 billion (2023) to $109.4 billion (2024), approximately 24% growth. Growth was broad-based across all segments, with Intelligent Cloud's operating income surging 31%. Conclusion: Amazon demonstrated the strongest improvement in profitability (86% growth), largely because it was recovering from a lower base and benefiting from the International segment's turnaround. However, Microsoft had the highest absolute operating margin, and Alphabet's operating margin expansion from 27% to 32% was the most significant margin improvement."
Analyze Google Cloud's path to profitability and compare its margin trajectory with AWS.,Multiple,Performance,Advanced,"Alphabet Executive Overview, Page 36; Segment Information, Page 65; Amazon Segment Data, Page 27","Google Cloud achieved a significant profitability milestone in 2024, reporting an operating income of approximately $5.8 billion, compared to approximately $1.7 billion in 2023. Revenue grew 31% year-over-year. AWS, by comparison, reported operating income of $39.8 billion in 2024, up from $24.6 billion in 2023. AWS's operating margin reached approximately 37%, substantially higher than Google Cloud's. The divergence reflects AWS's first-mover advantage: launched in 2006, it has had nearly two decades to amortize early infrastructure costs and build economies of scale. Google Cloud launched commercially much later and has been investing heavily in sales capacity, data centers, and enterprise customer acquisition. Google Cloud's margin improvement is nonetheless notable because it suggests the segment is moving past the scale investment phase. The 31% revenue growth with margin expansion indicates operating leverage is beginning to take hold. For investors, the key question is whether Google Cloud can close the margin gap with AWS over the next 3--5 years, or whether structural differences (enterprise market share, breadth of services, and go-to-market efficiency) will keep AWS ahead."
"How does Microsoft's productivity segment (Office, LinkedIn, Dynamics) performance correlate with enterprise software trends?",Microsoft,Performance,Advanced,"Microsoft, Page 6, 9, 44, 45","Microsoft's Productivity and Business Processes segment performance in fiscal year 2024 directly correlates with three dominant enterprise software trends: The Shift to SaaS (Software as a Service): Microsoft's performance mirrors the industry-wide move from perpetual licensing to cloud subscriptions. While revenue from traditional on-premises Office products declined by 16%, Office 365 Commercial revenue grew by 16%, and Dynamics 365 grew by 24%. Generative AI Integration: Aligning with the trend of ""AI transformation,"" Microsoft has infused Copilot across its entire productivity stack (Microsoft 365, Teams, and Dynamics) to enhance user value and drive adoption of higher-tier AI-powered subscriptions. Unified Business Platforms: Enterprises are increasingly seeking consolidated ecosystemsrather than standalone tools. Microsoft's growth is supported by its ability to offer a unified platform that integrates communication (Teams), professional networking (LinkedIn), and intelligent business applications (Dynamics 365) within the broader Microsoft Cloud."
Analyze Alphabet's traffic acquisition costs (TAC) trend and its impact on profitability.,Alphabet,Performance,Advanced,"MD&A - Cost of Revenues, Page 39","Alphabet's Traffic Acquisition Costs (TAC) increased in absolute dollars between 2023 and 2024, but decreased as a percentage of advertising revenues, which helped improve the company's overall profitability. The TAC Trend: Absolute Dollars: TAC rose from $50.9 billion in 2023 to $54.9 billion in 2024, driven by growth in revenues subject to these costs. TAC Rate: As a percentage of advertising revenue, the TAC rate declined from 21.4% to 20.7%. Primary Drivers Mix Shift: The decrease in the TAC rate was primarily due to a revenue mix shift from Google Network properties (which carry higher costs) to Google Search & other properties(which have lower cost structures). Mobile Pressure: This decline was partially offset by rising costs within the Search business itself. The TAC rate for Search increased because mobile queries---which carry higher acquisition costs due to paid access points like carrier agreements---continued to grow as a share of total traffic. Impact on Profitability Margin Expansion: The lower consolidated TAC rate was a key factor in expanding Alphabet's total operating margin from 27% in 2023 to 32% in 2024. Segment Performance: For the Google Services segment, operating income surged by $25.4 billion in 2024. This was largely because strong revenue growth in Search and YouTube outpaced the increase in acquisition and content costs."
What was Alphabet's customer retention rate for Google Cloud in 2024?,Alphabet,Adversarial,Adversarial,,"""The 10-K filing does not disclose customer retention rates for Google Cloud. This type of operational metric is not typically included in SEC annual reports. Revenue growth (31%) and remaining performance obligations can provide indirect indicators of customer commitment."""
How much did Amazon spend on marketing for Prime Video's original content in 2024?,Amazon,Adversarial,Adversarial,,"""The specific marketing or content budget for Prime Video originals is not disclosed in Amazon's 10-K filing. Content costs are reported in aggregate as part of total cost of sales. More granular content spending breakdowns are not available in standard SEC filings."""
What is Microsoft's market share in the cloud infrastructure market according to its 10-K?,Microsoft,Adversarial,Adversarial,,"""The 10-K does not include specific market share figures for Microsoft's cloud infrastructure business. The filing reports revenue and competitive positioning qualitatively, but market share data would need to be sourced from third-party industry analysts."""
"What was the closing stock price of Amazon on December 31, 2024?",Amazon,Adversarial,Adversarial,,"""The provided 10-K document does not contain the closing stock price for Amazon on December 31, 2024. Stock price data is not typically included in annual SEC filings."""
"What is the total compensation package for Satya Nadella, Microsoft's CEO, for fiscal year 2024?",Microsoft,Adversarial,Adversarial,,"""The specific compensation details for Satya Nadella are not included in this 10-K filing. Executive compensation information is typically disclosed in the company's annual Proxy Statement (DEF 14A), which is filed separately with the SEC."""
What did Jeff Bezos say in his recent interview about Amazon's AI strategy?,Amazon,Adversarial,Adversarial,,"The provided sources do not contain any information about a recent interview with Jeff Bezos or specific statements made by him regarding Amazon's AI strategy.Amazon's 2024 10-K filing is an annual financial report required by the SEC. Information about Jeff Bezos' statements on AI strategy would need to be sourced from news articles, press releases, or other public communications."
"All three companies report significant ""unearned revenue"" or ""deferred revenue"" on their balance sheets. Compare the magnitude and composition of unearned revenue across the three companies and explain what it reveals about their respective business models.",Multiple/General,Challenge,Challenge,,"Microsoft has by far the largest unearned revenue balance ($60.2 billion), reflecting its dominant position in enterprise subscription software. This figure is a leading indicator of future revenue, as it represents cash already collected for services to be delivered. Amazon's and Alphabet's smaller unearned revenue figures reflect their business model differences: Amazon recognizes most retail revenue at delivery, and Alphabet recognizes advertising revenue upon ad impression. The divergence illustrates why Microsoft's revenue is the most predictable, while Amazon's and Alphabet's are more sensitive to real-time demand."
"Using only the financial data from the three 10-K filings, determine which company has the highest return on equity (ROE) and discuss what structural factors might make this comparison misleading.",Multiple/General,Challenge,Challenge,,"While ROE can be calculated from the filings, the comparison is misleading for several reasons: (1) Microsoft's equity was substantially increased by $51B in Activision goodwill, diluting its ROE; (2) Alphabet holds excess cash/securities ($93B+) that inflate equity without operational purpose; (3) Amazon's capital-intensive model means its equity includes massive property/equipment that earns indirect returns through revenue. A more meaningful comparison would use return on invested capital (ROIC), which adjusts for these structural differences."
"Identify the single most significant accounting estimate or judgment that each company discloses in its 10-K, and explain how a change in these estimates could most materially affect reported earnings.",Multiple/General,Challenge,Challenge,,"Each company's most impactful accounting estimate directly ties to its largest risk: Microsoft's tax provisions ($28.9B in dispute), Amazon's asset useful lives (directly affecting depreciation across its massive infrastructure), and Alphabet's legal loss contingencies (antitrust rulings threatening its core advertising business). A change in any of these estimates could shift reported earnings by billions, making them critical disclosure items for investors."
"Based on the 2024 10-K filings, which company---Alphabet, Amazon, or Microsoft---faces the most significant and direct legal and regulatory threat to its core business model, and what is the specific evidence to support this claim? Consider the nature of the threat, potential financial impact, and the extent to which it could force a change in business operations.",Multiple,Challenge,Challenge,,"Based on the 2024 10-K filings, Alphabet faces the most significant and direct legal and regulatory threat to its core business model due to recent adverse judicial rulings that mandate structural or operational changes to its primary revenue engines. The Threat: Adjudicated Antitrust Violations Unlike Amazon and Microsoft, which are primarily in the ""investigation"" or ""early litigation"" phases, Alphabet has already received definitive rulings of antitrust violations: Google Search: In August 2024, a U.S. District Court ruled that Google violated antitrust laws regarding Search and Search advertising. The DOJ has proposed ""structural remedies"" (potential divestitures) and the termination of distribution arrangements that could dismantle Google's default status on billions of devices. Google Play: In the Epic Games case, a jury found Google violated antitrust laws, leading to an October 2024 decision that orders mandatory alterations to Google Play's billing and business models. European Fines: Alphabet has already been forced to pay $3.0 billion in 2024 for a shopping-related antitrust fine after losing its final appeal. Potential Financial and Operational Impact Operational Overhaul: The court-ordered remedies for Search and the Play Store could force Alphabet to change how it licenses Android and how it secures default search placement, which are foundational to its data-collection and advertising ecosystem. Revenue at Risk: Because advertising generates more than 75% of total revenues, any structural remedy that weakens search query dominance or distribution directly threatens Alphabet's consolidated margins. Comparison to Amazon and Microsoft Amazon: Faces a massive lawsuit from the FTC and several states alleging monopoly power in online marketplaces. While significant and seeking structural relief, this case is still in the litigation phase and has not yet resulted in a liability ruling similar to Alphabet's Search case. Microsoft: Faces a massive financial threat in the form of a $28.9 billion IRS tax dispute. While the financial scale is historic, Microsoft believes its allowances are adequate and the dispute centers on transfer pricing rather than a court-ordered mandate to break up or fundamentally alter its core cloud or software business models."
"All three companies discuss the risks of investing in new technologies. However, one company's filing contains a significant contradiction between its publicly stated long-term goal and its short-term projections. Identify the company, the stated goal, the contradictory projection, and explain the inherent risk this contradiction creates.",Multiple/General,Challenge,Challenge,,"The company is Alphabet. The stated goal is to reach net-zero emissions by 2030. The contradictory projection is that they expect their total GHG emissions to rise in the near term due to business growth and AI investments. The risk is that they may fail to meet their ambitious public goal, leading to reputational damage and accusations of ""greenwashing"" from investors and the public."
"According to Amazon's 10-K, what is the total amount of cash, cash equivalents, and marketable securities held by its subsidiary, Amazon Web Services, Inc., as of December 31, 2024?",Amazon,Challenge,Challenge,,"The provided sources do not contain the specific amount of cash, cash equivalents, and marketable securities held by the subsidiary Amazon Web Services, Inc. as of December 31, 2024. Amazon's financial reporting for these assets is presented on a consolidated basis for the parent company and its subsidiaries. As of December 31, 2024, Amazon reported the following consolidated totals: Cash and cash equivalents: $78,779 million. Marketable securities: $22,423 million. In its segment data, Amazon explicitly notes that total segment assets exclude corporate assetssuch as cash, cash equivalents, and marketable securities. The reported total assets for the AWS segment were $155,953 million as of December 31, 2024, which primarily consist of property and equipment, accounts receivable, and operating leases."
